{"MSE": 2.4609682138969595, "_timestamp": 1686067378.8291104, "_runtime": 5.741673469543457, "_step": 0, "_wandb": {"runtime": 5}}