{"MSE": 2.4542057320247403, "_timestamp": 1686067361.8144863, "_runtime": 3.8558783531188965, "_step": 0, "_wandb": {"runtime": 3}}