{"MSE": 2.4487994940546156, "_timestamp": 1686067407.8321013, "_runtime": 4.174614429473877, "_step": 0, "_wandb": {"runtime": 3}}