{"MSE": 2.4538409414038425, "_timestamp": 1686067392.1263657, "_runtime": 3.722688674926758, "_step": 0, "_wandb": {"runtime": 3}}