{"MSE": 2.453983836538874, "_timestamp": 1686066699.316242, "_runtime": 9.895746946334839, "_step": 0, "_wandb": {"runtime": 9}}