{"MSE": 2.4631493116635115, "_timestamp": 1686067348.567547, "_runtime": 1.9738140106201172, "_step": 0, "_wandb": {"runtime": 1}}